{"cameraMode":{"drawMode":0,"name":"Shaded","section":"Shading Mode"},"sceneLighting":true,"audioPlay":false,"sceneViewState":{"m_AlwaysRefresh":false,"showFog":true,"showSkybox":false,"showFlares":true,"showImageEffects":true,"showParticleSystems":true,"showVisualEffectGraphs":true,"m_FxEnabled":true},"in2DMode":false,"pivot":{"x":0.10641348361968994,"y":2.1954524517059328,"z":-1.029405117034912},"rotation":{"x":0.1010688915848732,"y":-0.055186618119478229,"z":0.0056150429882109169,"w":0.9933324456214905},"size":2.4453682899475099,"orthographic":false}