{"cameraMode":{"drawMode":0,"name":"Shaded","section":"Shading Mode"},"sceneLighting":true,"audioPlay":false,"sceneViewState":{"m_AlwaysRefresh":false,"showFog":true,"showSkybox":false,"showFlares":true,"showImageEffects":true,"showParticleSystems":true,"showVisualEffectGraphs":true,"m_FxEnabled":true},"in2DMode":false,"pivot":{"x":1.5788499116897584,"y":-6.275706768035889,"z":-5.862228870391846},"rotation":{"x":0.3276221752166748,"y":-0.02408968284726143,"z":0.008355524390935898,"w":0.9444658756256104},"size":12.094470024108887,"orthographic":false}