{"cameraMode":{"drawMode":0,"name":"Shaded","section":"Shading Mode"},"sceneLighting":true,"audioPlay":false,"sceneViewState":{"m_AlwaysRefresh":false,"showFog":true,"showSkybox":false,"showFlares":true,"showImageEffects":true,"showParticleSystems":true,"showVisualEffectGraphs":true,"m_FxEnabled":true},"in2DMode":false,"pivot":{"x":3.4586338996887209,"y":5.425019264221191,"z":3.5726232528686525},"rotation":{"x":0.3456037938594818,"y":0.6170053482055664,"z":-0.34596124291419985,"w":0.6167432069778442},"size":13.298650741577149,"orthographic":false}