{"cameraMode":{"drawMode":0,"name":"Shaded","section":"Shading Mode"},"sceneLighting":true,"audioPlay":false,"sceneViewState":{"m_AlwaysRefresh":false,"showFog":true,"showSkybox":false,"showFlares":true,"showImageEffects":true,"showParticleSystems":true,"showVisualEffectGraphs":true,"m_FxEnabled":true},"in2DMode":false,"pivot":{"x":-0.10983407497406006,"y":1.1171772480010987,"z":0.2130289077758789},"rotation":{"x":-0.010994212701916695,"y":-0.9886159896850586,"z":0.11712424457073212,"w":-0.0949353501200676},"size":5.573904991149902,"orthographic":false}