{"cameraMode":{"drawMode":0,"name":"Shaded","section":"Shading Mode"},"sceneLighting":true,"audioPlay":false,"sceneViewState":{"m_AlwaysRefresh":false,"showFog":true,"showSkybox":false,"showFlares":true,"showImageEffects":true,"showParticleSystems":true,"showVisualEffectGraphs":true,"m_FxEnabled":true},"in2DMode":false,"pivot":{"x":-4.512640953063965,"y":8.786883354187012,"z":9.905875205993653},"rotation":{"x":-0.07283277064561844,"y":0.009252646006643772,"z":-0.0006787540623918176,"w":-0.9973268508911133},"size":10.373723983764649,"orthographic":false}