{"cameraMode":{"drawMode":0,"name":"Shaded","section":"Shading Mode"},"sceneLighting":true,"audioPlay":false,"sceneViewState":{"m_AlwaysRefresh":false,"showFog":true,"showSkybox":true,"showFlares":true,"showImageEffects":true,"showParticleSystems":true,"showVisualEffectGraphs":true,"m_FxEnabled":true},"in2DMode":false,"pivot":{"x":-4.187742710113525,"y":2.3804965019226076,"z":229.56861877441407},"rotation":{"x":-0.24786627292633058,"y":-0.44662925601005556,"z":0.13027602434158326,"w":-0.8497825264930725},"size":3.4583122730255129,"orthographic":false}