{"cameraMode":{"drawMode":0,"name":"Shaded","section":"Shading Mode"},"sceneLighting":false,"audioPlay":false,"sceneViewState":{"m_AlwaysRefresh":false,"showFog":true,"showSkybox":false,"showFlares":true,"showImageEffects":true,"showParticleSystems":true,"showVisualEffectGraphs":true,"m_FxEnabled":true},"in2DMode":false,"pivot":{"x":0.00006508827209472656,"y":0.8805052638053894,"z":-0.11747467517852783},"rotation":{"x":0.2869117259979248,"y":0.13450144231319428,"z":-0.04074537754058838,"w":0.9476185441017151},"size":1.46705961227417,"orthographic":false}