{"cameraMode":{"drawMode":0,"name":"Shaded","section":"Shading Mode"},"sceneLighting":true,"audioPlay":false,"sceneViewState":{"m_AlwaysRefresh":false,"showFog":true,"showSkybox":false,"showFlares":true,"showImageEffects":true,"showParticleSystems":true,"showVisualEffectGraphs":true,"m_FxEnabled":true},"in2DMode":false,"pivot":{"x":3.2522928714752199,"y":-10.077260971069336,"z":39.550357818603519},"rotation":{"x":-0.4599842131137848,"y":0.13905584812164308,"z":-0.07319585233926773,"w":-0.8739240169525147},"size":10.688039779663086,"orthographic":false}