{"cameraMode":{"drawMode":0,"name":"Shaded","section":"Shading Mode"},"sceneLighting":true,"audioPlay":false,"sceneViewState":{"m_AlwaysRefresh":false,"showFog":true,"showSkybox":false,"showFlares":true,"showImageEffects":true,"showParticleSystems":true,"showVisualEffectGraphs":true,"m_FxEnabled":true},"in2DMode":false,"pivot":{"x":1.7393369674682618,"y":8.33723258972168,"z":-3.609792709350586},"rotation":{"x":-0.0009850825881585479,"y":0.998967707157135,"z":-0.036877065896987918,"w":-0.026682095602154733},"size":9.544918060302735,"orthographic":false}