{"cameraMode":{"drawMode":0,"name":"Shaded","section":"Shading Mode"},"sceneLighting":false,"audioPlay":false,"sceneViewState":{"m_AlwaysRefresh":false,"showFog":true,"showSkybox":false,"showFlares":true,"showImageEffects":true,"showParticleSystems":true,"showVisualEffectGraphs":true,"m_FxEnabled":true},"in2DMode":false,"pivot":{"x":0.3081660270690918,"y":7.67614221572876,"z":-3.3635263442993166},"rotation":{"x":0.1375259906053543,"y":0.023768194019794465,"z":-0.0033210450783371927,"w":0.990231454372406},"size":15.922537803649903,"orthographic":false}