{"cameraMode":{"drawMode":0,"name":"Shaded","section":"Shading Mode"},"sceneLighting":false,"audioPlay":false,"sceneViewState":{"m_AlwaysRefresh":false,"showFog":true,"showSkybox":false,"showFlares":true,"showImageEffects":true,"showParticleSystems":true,"showVisualEffectGraphs":true,"m_FxEnabled":true},"in2DMode":false,"pivot":{"x":-2.6113109588623049,"y":4.627315521240234,"z":-7.574333190917969},"rotation":{"x":0.11282289773225784,"y":0.25484782457351687,"z":-0.029973145574331285,"w":0.9599340558052063},"size":20.124155044555665,"orthographic":false}