{"cameraMode":{"drawMode":0,"name":"Shaded","section":"Shading Mode"},"sceneLighting":true,"audioPlay":false,"sceneViewState":{"m_AlwaysRefresh":false,"showFog":true,"showSkybox":false,"showFlares":true,"showImageEffects":true,"showParticleSystems":true,"showVisualEffectGraphs":true,"m_FxEnabled":true},"in2DMode":false,"pivot":{"x":0.8958193063735962,"y":-4.617255210876465,"z":1.3768081665039063},"rotation":{"x":0.005594820249825716,"y":0.9784316420555115,"z":-0.2048628181219101,"w":0.02671426348388195},"size":11.771500587463379,"orthographic":false}