{"cameraMode":{"drawMode":0,"name":"Shaded","section":"Shading Mode"},"sceneLighting":true,"audioPlay":false,"sceneViewState":{"m_AlwaysRefresh":false,"showFog":true,"showSkybox":false,"showFlares":true,"showImageEffects":true,"showParticleSystems":true,"showVisualEffectGraphs":true,"m_FxEnabled":true},"in2DMode":false,"pivot":{"x":5.970338344573975,"y":-18.534212112426759,"z":29.517555236816408},"rotation":{"x":-0.2150084376335144,"y":-0.04303547739982605,"z":0.009534808807075024,"w":-0.9756931066513062},"size":37.255863189697269,"orthographic":false}