{"cameraMode":{"drawMode":0,"name":"Shaded","section":"Shading Mode"},"sceneLighting":false,"audioPlay":false,"sceneViewState":{"m_AlwaysRefresh":false,"showFog":true,"showSkybox":false,"showFlares":true,"showImageEffects":true,"showParticleSystems":true,"showVisualEffectGraphs":true,"m_FxEnabled":true},"in2DMode":false,"pivot":{"x":-0.000001430511474609375,"y":0.48961254954338076,"z":-0.00864410400390625},"rotation":{"x":0.10802807658910752,"y":0.6131519079208374,"z":-0.08517230302095413,"w":0.7779242396354675},"size":11.249942779541016,"orthographic":false}