{"cameraMode":{"drawMode":0,"name":"Shaded","section":"Shading Mode"},"sceneLighting":false,"audioPlay":false,"sceneViewState":{"m_AlwaysRefresh":false,"showFog":true,"showSkybox":false,"showFlares":true,"showImageEffects":true,"showParticleSystems":true,"showVisualEffectGraphs":true,"m_FxEnabled":true},"in2DMode":false,"pivot":{"x":0.0008263885974884033,"y":0.13914722204208375,"z":0.0014774501323699952},"rotation":{"x":0.05211341381072998,"y":0.11716970801353455,"z":-0.006157062482088804,"w":0.9917247295379639},"size":0.2961283326148987,"orthographic":false}