{"cameraMode":{"drawMode":0,"name":"Shaded","section":"Shading Mode"},"sceneLighting":true,"audioPlay":false,"sceneViewState":{"m_AlwaysRefresh":false,"showFog":true,"showSkybox":false,"showFlares":true,"showImageEffects":true,"showParticleSystems":true,"showVisualEffectGraphs":true,"m_FxEnabled":true},"in2DMode":false,"pivot":{"x":-1.342384934425354,"y":10.168615341186524,"z":1.678217887878418},"rotation":{"x":-0.029248332604765893,"y":0.09938500076532364,"z":-0.002922260668128729,"w":-0.9946174621582031},"size":4.29953145980835,"orthographic":false}