{"cameraMode":{"drawMode":0,"name":"Shaded","section":"Shading Mode"},"sceneLighting":true,"audioPlay":false,"sceneViewState":{"m_AlwaysRefresh":false,"showFog":true,"showSkybox":false,"showFlares":true,"showImageEffects":true,"showParticleSystems":true,"showVisualEffectGraphs":true,"m_FxEnabled":true},"in2DMode":false,"pivot":{"x":18.852243423461915,"y":-16.868223190307618,"z":-13.978123664855957},"rotation":{"x":0.31461718678474429,"y":0.6176266670227051,"z":-0.2956934869289398,"w":0.6575050950050354},"size":18.749473571777345,"orthographic":false}