{"cameraMode":{"drawMode":0,"name":"Shaded","section":"Shading Mode"},"sceneLighting":true,"audioPlay":false,"sceneViewState":{"m_AlwaysRefresh":false,"showFog":true,"showSkybox":false,"showFlares":true,"showImageEffects":true,"showParticleSystems":true,"showVisualEffectGraphs":true,"m_FxEnabled":true},"in2DMode":false,"pivot":{"x":1.808545470237732,"y":8.849760055541993,"z":-1.7923316955566407},"rotation":{"x":-0.0002656409051269293,"y":-0.9997592568397522,"z":0.01739639788866043,"w":-0.015569888986647129},"size":4.4242963790893559,"orthographic":false}