{"cameraMode":{"drawMode":0,"name":"Shaded","section":"Shading Mode"},"sceneLighting":true,"audioPlay":false,"sceneViewState":{"m_AlwaysRefresh":false,"showFog":true,"showSkybox":false,"showFlares":true,"showImageEffects":true,"showParticleSystems":true,"showVisualEffectGraphs":true,"m_FxEnabled":true},"in2DMode":false,"pivot":{"x":1.9284353256225587,"y":9.620254516601563,"z":-0.40386962890625},"rotation":{"x":-0.0033319375943392517,"y":0.9581568837165833,"z":-0.2863418757915497,"w":-0.010890085250139237},"size":39.66468048095703,"orthographic":false}