{"cameraMode":{"drawMode":0,"name":"Shaded","section":"Shading Mode"},"sceneLighting":true,"audioPlay":false,"sceneViewState":{"m_AlwaysRefresh":false,"showFog":true,"showSkybox":false,"showFlares":true,"showImageEffects":true,"showParticleSystems":true,"showVisualEffectGraphs":true,"m_FxEnabled":true},"in2DMode":false,"pivot":{"x":14.171354293823243,"y":7.528271198272705,"z":-0.6609096527099609},"rotation":{"x":-0.005761880427598953,"y":-0.9887492656707764,"z":0.03947043418884277,"w":-0.14426884055137635},"size":15.775030136108399,"orthographic":false}