{"cameraMode":{"drawMode":0,"name":"Shaded","section":"Shading Mode"},"sceneLighting":true,"audioPlay":false,"sceneViewState":{"m_AlwaysRefresh":false,"showFog":true,"showSkybox":false,"showFlares":true,"showImageEffects":true,"showParticleSystems":true,"showVisualEffectGraphs":true,"m_FxEnabled":true},"in2DMode":false,"pivot":{"x":-0.590722918510437,"y":3.7872233390808107,"z":-16.860137939453126},"rotation":{"x":-0.0004030406125821173,"y":0.9994350075721741,"z":-0.012892023660242558,"w":-0.031196076422929765},"size":26.794612884521486,"orthographic":false}