{"cameraMode":{"drawMode":0,"name":"Shaded","section":"Shading Mode"},"sceneLighting":false,"audioPlay":false,"sceneViewState":{"m_AlwaysRefresh":false,"showFog":true,"showSkybox":false,"showFlares":true,"showImageEffects":true,"showParticleSystems":true,"showVisualEffectGraphs":true,"m_FxEnabled":true},"in2DMode":false,"pivot":{"x":2.1252853870391847,"y":-0.2422647476196289,"z":-10.55189037322998},"rotation":{"x":0.16928163170814515,"y":0.24121904373168946,"z":-0.04277370125055313,"w":0.9546411633491516},"size":3.399041175842285,"orthographic":false}