{"cameraMode":{"drawMode":0,"name":"Shaded","section":"Shading Mode"},"sceneLighting":true,"audioPlay":false,"sceneViewState":{"m_AlwaysRefresh":false,"showFog":true,"showSkybox":false,"showFlares":true,"showImageEffects":true,"showParticleSystems":true,"showVisualEffectGraphs":true,"m_FxEnabled":true},"in2DMode":false,"pivot":{"x":6.2102952003479,"y":8.292909622192383,"z":-4.507685661315918},"rotation":{"x":0.7331166863441467,"y":0.002040295396000147,"z":-0.0021993564441800119,"w":0.6800963878631592},"size":32.764678955078128,"orthographic":true}